command,mean,stddev,median,user,system,min,max,parameter_param
../code/src/lab01 ../code/images/medalion.png out.png 1,0.06183914334,0.0018526079757004866,0.06138206426,0.05706974,0.004617951999999999,0.05869935626,0.06859795426000001,../code/images/medalion.png out.png 1
../code/src/lab01 ../code/images/medalion.png out.png 2,0.2905949825999999,0.022283186373792487,0.28864593676,0.21550532000000003,0.0749161,0.26350555526,0.34179373526,../code/images/medalion.png out.png 2
../code/src/lab01 ../code/images/half-life.png out.png 1,0.2265527253400001,0.03469566049742224,0.22314158626000002,0.21187703999999996,0.014537520000000003,0.19119905726,0.41610890226,../code/images/half-life.png out.png 1
../code/src/lab01 ../code/images/half-life.png out.png 2,1.0637703986200004,0.18955291467359886,1.03072941626,0.79258848,0.27087853999999995,0.9094787142600002,2.0183627712599996,../code/images/half-life.png out.png 2
../code/src/lab01 ../code/images/nyc.png out.png 1,0.0943838936,0.00215435297726549,0.09439576926000001,0.08977676000000002,0.004486263999999999,0.08909588826,0.10143498626000001,../code/images/nyc.png out.png 1
../code/src/lab01 ../code/images/nyc.png out.png 2,0.2689401825800001,0.09051672390731576,0.25384237576,0.20978524000000004,0.059017059999999996,0.21130517726,0.8347668152600001,../code/images/nyc.png out.png 2
