command,mean,stddev,median,user,system,min,max,parameter_param
../code/src/lab01 ../code/images/medalion.png out.png 1,0.08721849093999999,0.06293838407980479,0.06296097910000001,0.07997356,0.0069001592,0.0587710221,0.3918422581,../code/images/medalion.png out.png 1
../code/src/lab01 ../code/images/medalion.png out.png 2,0.2857872929000001,0.02412201010662728,0.2760502501,0.21415034,0.07139828000000001,0.2556089661,0.3462621441,../code/images/medalion.png out.png 2
../code/src/lab01 ../code/images/half-life.png out.png 1,0.2486561458000001,0.08343181731709644,0.23509198209999999,0.23142306000000004,0.016883,0.1890530791,0.7646435121,../code/images/half-life.png out.png 1
../code/src/lab01 ../code/images/half-life.png out.png 2,1.0781783329199999,0.16247054869461985,1.0524403671,0.8050237199999999,0.27250082,0.9034222401,1.9566530521,../code/images/half-life.png out.png 2
../code/src/lab01 ../code/images/nyc.png out.png 1,0.09648799368000001,0.002561166232513643,0.09653092660000001,0.09058868,0.0057493480000000005,0.0904165011,0.1011002061,../code/images/nyc.png out.png 1
../code/src/lab01 ../code/images/nyc.png out.png 2,0.26191453142000004,0.006370290471504885,0.2613489261,0.20398219999999997,0.057705539999999986,0.2529974171,0.2798947271,../code/images/nyc.png out.png 2
